player_id,name,position,team,years_active,pfr_url,college
00-0023436,Alex Smith,QB,WAS,2020,https://www.pro-football-reference.com/players/S/SmitAl03.htm,Utah
00-0023516,Richie Incognito,OL,LV,"2020,2021",,Nebraska
00-0026300,Josh Johnson,QB,WAS,"2020,2021,2022,2023,2024,2025",https://www.pro-football-reference.com/players/J/JohnJo05.htm,San Diego
00-0027953,Mike Pouncey,OL,LAC,2020,,Florida
00-0027988,Marcus Gilchrist,DB,BAL,2020,https://www.pro-football-reference.com/players/G/GilcMa00.htm,Clemson
00-0028092,Richard Sherman,DB,TB,"2020,2021",https://www.pro-football-reference.com/players/S/SherRi00.htm,Stanford
00-0029119,Derek Carrier,TE,LV,"2020,2021",https://www.pro-football-reference.com/players/C/CarrDe00.htm,Beloit
00-0030821,Allen Hurns,WR,MIA,"2020,2021",,Miami
00-0030937,Zac Kerin,OL,TEN,2020,,Toledo
00-0031188,Bennett Jackson,DB,NYJ,2020,https://www.pro-football-reference.com/players/J/JackBe00.htm,Notre Dame
00-0031203,Cairo Santos,K,CHI,"2020,2021,2022,2023,2024,2025",https://www.pro-football-reference.com/players/S/SantCa01.htm,Tulane
00-0031619,Christian Covington,DL,LAC,"2020,2021,2022,2023",https://www.pro-football-reference.com/players/C/CoviCh00.htm,Rice
00-0031997,David Irving,DL,LV,2020,,Iowa State
00-0032162,T.Y. McGill,DL,CLE,"2020,2021,2022,2023,2024",,North Carolina State
00-0033119,Jacoby Brissett,QB,ARI,"2020,2021,2022,2023,2024,2025",https://www.pro-football-reference.com/players/B/BrisJa00.htm,N.C. State; Florida
00-0033121,B.J. Goodson,LB,NYJ,"2020,2021",https://www.pro-football-reference.com/players/G/GoodB.00.htm,Clemson
00-0033275,PJ Walker,QB,SEA,"2020,2021,2022,2023,2024",https://www.pro-football-reference.com/players/W/WalkPh00.htm,Temple
00-0033297,D.J. Jones,DL,DEN,"2020,2021,2022,2023,2024,2025",https://www.pro-football-reference.com/players/J/JoneD.01.htm,Mississippi; East Mississippi JC
00-0033393,Kenny Moore II,DB,IND,"2020,2021,2022,2023,2024,2025",https://www.pro-football-reference.com/players/M/MoorKe03.htm,Valdosta State
00-0033439,Pharaoh Brown,TE,ARI,"2020,2021,2022,2023,2024,2025",https://www.pro-football-reference.com/players/B/BrowPh01.htm,Oregon
00-0033444,Anthony Kukwa,LS,HOU,2020,,Lake Erie
00-0033508,William Stanback,RB,GB,2020,,Virginia Union
00-0033512,Damontae Kazee,DB,DET,"2020,2021,2022,2023,2024,2025",https://www.pro-football-reference.com/players/K/KazeDa00.htm,San Diego State
00-0033545,Teez Tabor,DB,SEA,"2020,2021,2022,2023",https://www.pro-football-reference.com/players/T/TaboTe00.htm,Florida
00-0033883,Jabrill Peppers,DB,PIT,"2020,2021,2022,2023,2024,2025",https://www.pro-football-reference.com/players/P/PeppJa00.htm,Michigan
00-0034171,Jason Cabinda,RB,DET,"2020,2021,2022,2023",https://www.pro-football-reference.com/players/C/CabiJa00.htm,Penn State
00-0034273,Damion Ratley,WR,MIN,"2020,2021",https://www.pro-football-reference.com/players/R/RatlDa00.htm,Texas A&amp;M
00-0034384,D.J. Reed,DB,DET,"2020,2021,2022,2023,2024,2025",https://www.pro-football-reference.com/players/R/ReedD.00.htm,Kansas State; Cerritos College; Fresno State
00-0034398,Natrell Jamerson,DB,NYG,"2020,2021",https://www.pro-football-reference.com/players/J/JameNa00.htm,Wisconsin
00-0034400,Jordan Wilkins,RB,CLE,"2020,2021,2022,2023",https://www.pro-football-reference.com/players/W/WilkJo01.htm,Mississippi
00-0034490,Ezekiel Turner,LB,DET,"2020,2021,2022,2023,2024,2025",https://www.pro-football-reference.com/players/T/TurnZe00.htm,Washington; Pierce College
00-0034605,Cavon Walker,DL,PIT,2020,,Maryland
00-0034745,Tracy Walker III,DB,SF,"2020,2021,2022,2023,2024",https://www.pro-football-reference.com/players/W/WalkTr01.htm,Louisiana-Lafayette
00-0034929,Quinn Bailey,OL,DEN,"2020,2021,2022,2023,2024",,Arizona State
00-0034977,Sheldrick Redwine,DB,WAS,"2020,2021,2022,2023,2024",https://www.pro-football-reference.com/players/R/RedwSh00.htm,Miami
00-0035061,Alex Bars,OL,LV,"2020,2021,2022,2023",,Notre Dame
00-0035229,T.J. Hockenson,TE,MIN,"2020,2021,2022,2023,2024,2025",https://www.pro-football-reference.com/players/H/HockTJ00.htm,Iowa
00-0035324,Malik Carney,LB,DEN,2020,,North Carolina
00-0035594,Travis Homer,RB,CHI,"2020,2021,2022,2023,2024,2025",https://www.pro-football-reference.com/players/H/HomeTr00.htm,Miami
00-0035642,Josh Hines-Allen,DL,JAX,"2020,2021,2022,2023,2024,2025",https://www.pro-football-reference.com/players/A/AlleJo03.htm,Kentucky
00-0035651,Jaylon Ferguson,LB,BAL,"2020,2021,2022",https://www.pro-football-reference.com/players/F/FergJa02.htm,Louisiana Tech
00-0035752,Chris Streveler,QB,NYJ,"2020,2021,2022",,South Dakota
00-0035815,Tyler Haycraft,OL,NYG,2020,,Louisville
00-0036036,Terence Steele,OL,DAL,"2020,2021,2022,2023,2024,2025",,Texas Tech
00-0036123,Brandon Walton,OL,CAR,"2020,2021,2022,2023,2024,2025",,Florida Atlantic
00-0036126,Josh Nurse,DB,JAX,2020,,Utah
00-0036152,Lamar Jackson,DB,ATL,"2020,2021,2022,2023,2024",https://www.pro-football-reference.com/players/J/JackLa02.htm,Nebraska
00-0036234,Logan Stenberg,OL,TB,"2020,2021,2022,2023",,Kentucky
00-0036348,Josh Metellus,DB,MIN,"2020,2021,2022,2023,2024,2025",https://www.pro-football-reference.com/players/M/MeteJo00.htm,Michigan
00-0036504,Brandin Echols,DB,PIT,"2021,2022,2023,2024,2025",https://www.pro-football-reference.com/players/E/EchoBr00.htm,Kentucky
00-0036613,Jaylen Waddle,WR,MIA,"2021,2022,2023,2024,2025",https://www.pro-football-reference.com/players/W/WaddJa00.htm,Alabama
00-0036661,Israel Mukuamu,DB,CAR,"2021,2022,2023,2024,2025",https://www.pro-football-reference.com/players/M/MukuIs00.htm,South Carolina
00-0036671,Dax Milne,WR,CAR,"2021,2022,2023,2024",https://www.pro-football-reference.com/players/M/MilnDa00.htm,Brigham Young
00-0036688,Kiondre Thomas,DB,PIT,"2021,2022,2023,2024",https://www.pro-football-reference.com/players/T/ThomKi00.htm,Kansas State
00-0036774,Nick Ralston,RB,DAL,"2021,2022",,Louisiana-Lafayette
00-0036819,A.J. Rose,RB,MIN,2021,,Kentucky
00-0036839,Kion Smith,OL,MIA,"2021,2022,2023,2024,2025",,Fayetteville State University
00-0036874,Pat Surtain II,DB,DEN,"2021,2022,2023,2024,2025",https://www.pro-football-reference.com/players/S/SurtPa01.htm,Alabama
00-0036952,Jonathon Cooper,LB,DEN,"2021,2022,2023,2024,2025",https://www.pro-football-reference.com/players/C/CoopJo02.htm,Ohio State
00-0037128,Raleigh Texada,DB,GB,2022,,Baylor
00-0037211,Tayon Fleet-Davis,RB,KC,2022,,Maryland
00-0037251,Alex Wright,DL,CLE,"2022,2023,2024,2025",https://www.pro-football-reference.com/players/W/WrigAl01.htm,UAB
00-0037281,Damone Clark,LB,HOU,"2022,2023,2024,2025",https://www.pro-football-reference.com/players/C/ClarDa02.htm,LSU
00-0037418,Delonte Hood,DB,ARI,"2022,2023,2024",,Peru State
00-0037421,Desmond Noel,OL,CIN,2022,,Florida Atlantic
00-0037463,Zein Obeid,OL,DET,2022,,Ferris State
00-0037507,Chase Garbers,QB,LV,"2022,2023",,California
00-0037508,Justin Hall,WR,MIN,"2022,2024",,Ball State
00-0037652,T.J. Pledger,RB,ARI,2022,,Utah
00-0037711,Jeremiah Pharms Jr.,DL,NE,"2022,2023,2024,2025",https://www.pro-football-reference.com/players/P/PharJe00.htm,Friends U.
00-0037816,Romeo Doubs,WR,GB,"2022,2023,2024,2025",https://www.pro-football-reference.com/players/D/DoubRo00.htm,Nevada
00-0037835,Luke Goedeke,OL,TB,"2022,2023,2024,2025",,Central Michigan
00-0038359,Xavier Smith,WR,LA,"2023,2024,2025",https://www.pro-football-reference.com/players/S/SmitXa00.htm,Florida A&M
00-0038517,Isaiah Norman,DB,KC,2023,,Marshall
00-0038519,Nikko Remigio,WR,KC,"2023,2024,2025",https://www.pro-football-reference.com/players/R/RemiNi00.htm,Fresno State
00-0038584,Jaquelin Roy,DL,NE,"2023,2024,2025",https://www.pro-football-reference.com/players/R/RoyxJa00.htm,LSU
00-0038721,Tyler Beach,OL,PIT,"2023,2024",,Wisconsin
00-0038864,Michael Ezeike,TE,SEA,"2023,2024",,UCLA
00-0038888,Tautala Pesefea,DL,CIN,2023,,Arizona State
00-0038962,Gavin Holmes,WR,TEN,2023,,Baylor
00-0039313,Swayze Bozeman,LB,NYG,"2024,2025",https://www.pro-football-reference.com/players/B/BozeSw00.htm,Southern Mississippi; Copiah-Lincoln Junior College
00-0039494,Kenny Dyson,LB,CAR,2024,,Bryant
00-0039522,Corey Crooms,WR,DAL,2024,,Minnesota
00-0039533,Clark Barrington,OL,LV,2024,,Baylor
00-0039560,Wayne Ruby,WR,JAX,2024,,Mount Union
00-0039684,Michael Wiley,RB,TB,"2024,2025",https://www.pro-football-reference.com/players/W/WileMi01.htm,Arizona
00-0039736,Matt Goncalves,OL,IND,"2024,2025",,Pittsburgh
00-0039740,Jalyx Hunt,LB,PHI,"2024,2025",https://www.pro-football-reference.com/players/H/HuntJa02.htm,Houston Christian University; Cornell
00-0039798,Isaiah Davis,RB,NYJ,"2024,2025",https://www.pro-football-reference.com/players/D/DaviIs00.htm,South Dakota State
00-0039868,Troy Franklin,WR,DEN,"2024,2025",https://www.pro-football-reference.com/players/F/FranTr00.htm,Oregon
00-0040051,Mike Smith Jr.,DB,DAL,2025,,
00-0040061,Connor O'Toole,LB,SEA,2025,https://www.pro-football-reference.com/players/O/OTooCo00.htm,Utah
00-0040110,Jared Penning,OL,BAL,2025,,Northern Iowa
00-0040129,Emeka Egbuka,WR,TB,2025,https://www.pro-football-reference.com/players/E/EgbuEm01.htm,Ohio State
00-0040450,Jaden Robinson,DB,DEN,2025,,Oregon State
00-0040533,Aiden Williams,OL,CAR,2025,,Duluth/University of Minnesota
00-0040581,Dont'e Thornton Jr.,WR,LV,2025,https://www.pro-football-reference.com/players/T/ThorDo00.htm,Tennessee; Oregon
00-0040662,Ty Robinson,DL,PHI,2025,https://www.pro-football-reference.com/players/R/RobiTy02.htm,Nebraska
00-0040677,Abdul Carter,LB,NYG,2025,https://www.pro-football-reference.com/players/C/CartAb00.htm,Penn State
00-0040720,Jahdae Barron,DB,DEN,2025,https://www.pro-football-reference.com/players/B/BarrJa01.htm,Texas
