player_name,player_position,race,example_year,example_team,league_level,player_id
matt moore,QB,white,2016,miami_dolphins,NFL,0
peyton manning,QB,white,2006,indianapolis_colts,NFL,1
drew bledsoe,QB,white,2001,cincinnati_bengals,NFL,2
brooks bollinger,QB,white,2008,seattle_seahawks,NFL,3
andrew walter,QB,white,2006,kansas_city_chiefs,NFL,4
alex van pelt,QB,white,2001,buffalo_bills,NFL,5
rodney peete,QB,nonwhite,1991,detroit_lions,NFL,6
brett hundley,QB,nonwhite,2016,seattle_seahawks,NFL,7
joe flacco,QB,white,2016,baltimore_ravens,NFL,8
jameis winston,QB,nonwhite,2018,tampa_bay_buccaneers,NFL,9
jim kelly,QB,white,1991,buffalo_bills,NFL,10
cody carlson,QB,white,1992,buffalo_bills,NFL,11
bubby brister,QB,white,1990,cincinnati_bengals,NFL,12
matt hasselbeck,QB,white,2005,seattle_seahawks,NFL,13
jake locker,QB,white,2014,cleveland_browns,NFL,14
tj yates,QB,white,2011,cincinnati_bengals,NFL,15
charlie whitehurst,QB,white,2014,cleveland_browns,NFL,16
davis webb,QB,white,2018,new_york_jets,NFL,17
vince young,QB,nonwhite,2010,tennessee_titans,NFL,18
taysom hill,QB,white,2018,arizona_cardinals,NFL,19
billy joe tolliver,QB,nonwhite,1992,atlanta_falcons,NFL,20
gale gilbert,QB,white,1993,los_angeles_raiders,NFL,21
tarvaris jackson,QB,nonwhite,2014,seattle_seahawks,NFL,22
trent dilfer,QB,white,2006,kansas_city_chiefs,NFL,23
sam bradford,QB,nonwhite,2016,minnesota_vikings,NFL,24
brad johnson,QB,white,2002,tampa_bay_buccaneers,NFL,25
matt cavanaugh,QB,white,1991,buffalo_bills,NFL,26
randall cunningham,QB,nonwhite,1998,atlanta_falcons,NFL,27
warren moon,QB,nonwhite,1992,buffalo_bills,NFL,28
pat white,QB,nonwhite,2009,new_york_jets,NFL,29
trevone boykin,QB,nonwhite,2016,seattle_seahawks,NFL,30
patrick mahomes,QB,nonwhite,2018,kansas_city_chiefs,NFL,31
andy dalton,QB,white,2015,cincinnati_bengals,NFL,32
mitchell trubisky,QB,white,2018,tampa_bay_buccaneers,NFL,33
danny wuerffel,QB,white,1998,new_orleans_saints,NFL,34
ej manuel,QB,nonwhite,2015,cincinnati_bengals,NFL,35
ryan mallett,QB,white,2015,houston_texans,NFL,36
brian griese,QB,white,2006,seattle_seahawks,NFL,37
jon kitna,QB,white,2003,cincinnati_bengals,NFL,38
boomer esiason,QB,white,1994,new_york_jets,NFL,39
trent edwards,QB,white,2008,buffalo_bills,NFL,40
kurt warner,QB,white,2009,arizona_cardinals,NFL,41
stan humphries,QB,white,1994,pittsburgh_steelers,NFL,42
daunte culpepper,QB,nonwhite,2002,minnesota_vikings,NFL,43
jeff driskel,QB,white,2018,cincinnati_bengals,NFL,44
drew henson,QB,white,2004,seattle_seahawks,NFL,45
kyle boller,QB,white,2003,baltimore_ravens,NFL,46
mike tomczak,QB,white,1994,cleveland_browns,NFL,47
blaine gabbert,QB,white,2018,tennessee_titans,NFL,48
landry jones,QB,white,2016,pittsburgh_steelers,NFL,49
mike glennon,QB,white,2018,arizona_cardinals,NFL,50
quincy carter,QB,nonwhite,2002,houston_texans,NFL,51
derek anderson,QB,white,2016,carolina_panthers,NFL,52
neil odonnell,QB,white,1994,detroit_lions,NFL,53
carson palmer,QB,white,2016,cincinnati_bengals,NFL,54
kellen clemens,QB,white,2013,tennessee_titans,NFL,55
cooper rush,QB,white,2018,dallas_cowboys,NFL,56
taylor heinicke,QB,white,2018,carolina_panthers,NFL,57
ricky stanzi,QB,white,2011,kansas_city_chiefs,NFL,58
steve young,QB,white,1998,buffalo_bills,NFL,59
sam darnold,QB,white,2018,new_york_jets,NFL,60
kevin oconnell,QB,white,2008,buffalo_bills,NFL,61
danny etling,QB,white,2018,new_york_giants,NFL,62
mark brunell,QB,white,1996,jacksonville_jaguars,NFL,63
jake delhomme,QB,white,2005,carolina_panthers,NFL,64
matt simms,QB,white,2013,baltimore_ravens,NFL,65
max hall,QB,white,2010,denver_broncos,NFL,66
tim rattay,QB,white,2006,new_orleans_saints,NFL,67
jeff hostetler,QB,white,1991,los_angeles_raiders,NFL,68
josh rosen,QB,white,2018,arizona_cardinals,NFL,69
jim everett,QB,white,1990,los_angeles_rams,NFL,70
jimmy clausen,QB,white,2010,carolina_panthers,NFL,71
johnny manziel,QB,white,2014,cleveland_browns,NFL,72
kent graham,QB,white,1993,dallas_cowboys,NFL,73
dave krieg,QB,white,1993,kansas_city_chiefs,NFL,74
john skelton,QB,white,2010,denver_broncos,NFL,75
donovan mcnabb,QB,nonwhite,2008,arizona_cardinals,NFL,76
tyler bray,QB,white,2018,buffalo_bills,NFL,77
john elway,QB,white,1996,jacksonville_jaguars,NFL,78
matt mcgloin,QB,white,2016,denver_broncos,NFL,79
trevor siemian,QB,white,2016,denver_broncos,NFL,80
teddy bridgewater,QB,nonwhite,2014,minnesota_vikings,NFL,81
brodie croyle,QB,white,2008,kansas_city_chiefs,NFL,82
tyrod taylor,QB,nonwhite,2016,buffalo_bills,NFL,83
jason garrett,QB,white,1993,dallas_cowboys,NFL,84
wade wilson,QB,white,1992,atlanta_falcons,NFL,85
alex tanney,QB,white,2018,new_york_giants,NFL,86
cody kessler,QB,white,2018,jacksonville_jaguars,NFL,87
nathan peterman,QB,white,2018,cincinnati_bengals,NFL,88
mark sanchez,QB,white,2014,new_york_jets,NFL,89
jim harbaugh,QB,white,1998,baltimore_ravens,NFL,90
dan marino,QB,white,1994,new_york_jets,NFL,91
kevin hogan,QB,white,2016,cleveland_browns,NFL,92
drew stanton,QB,white,2010,detroit_lions,NFL,93
steve deberg,QB,white,1998,atlanta_falcons,NFL,94
marc bulger,QB,white,2003,carolina_panthers,NFL,95
bruce gradkowski,QB,white,2006,new_orleans_saints,NFL,96
baker mayfield,QB,white,2018,cleveland_browns,NFL,97
caleb hanie,QB,white,2010,new_york_giants,NFL,98
brock osweiler,QB,white,2016,houston_texans,NFL,99
malcolm brown,RB,nonwhite,2018,los_angeles_rams,NFL,100
chase edmonds,RB,nonwhite,2018,arizona_cardinals,NFL,101
ottis anderson,RB,nonwhite,1991,buffalo_bills,NFL,102
royce freeman,RB,nonwhite,2018,denver_broncos,NFL,103
corey clement,RB,nonwhite,2018,pittsburgh_steelers,NFL,104
ron rivers,RB,nonwhite,1995,detroit_lions,NFL,105
bam morris,RB,nonwhite,1994,cleveland_browns,NFL,106
corey dillon,RB,nonwhite,2001,cincinnati_bengals,NFL,107
mike boone,RB,nonwhite,2018,jacksonville_jaguars,NFL,108
harvey williams,RB,nonwhite,1994,los_angeles_raiders,NFL,109
derrick coleman,RB,nonwhite,2018,arizona_cardinals,NFL,110
nate turner,RB,nonwhite,1993,los_angeles_raiders,NFL,111
leroy hoard,RB,nonwhite,1998,dallas_cowboys,NFL,112
randy jordan,RB,nonwhite,1996,jacksonville_jaguars,NFL,113
glyn milburn,RB,nonwhite,1994,kansas_city_chiefs,NFL,114
herschel walker,RB,nonwhite,1996,buffalo_bills,NFL,115
lendale white,RB,nonwhite,2008,tennessee_titans,NFL,116
john stephens,RB,nonwhite,1993,kansas_city_chiefs,NFL,117
james conner,RB,nonwhite,2018,cincinnati_bengals,NFL,118
willis mcgahee,RB,nonwhite,2008,baltimore_ravens,NFL,119
james davis,RB,nonwhite,2010,washington_redskins,NFL,120
marshawn lynch,RB,nonwhite,2014,seattle_seahawks,NFL,121
michael bush,RB,nonwhite,2008,oakland_raiders,NFL,122
brian mitchell,RB,nonwhite,2002,tampa_bay_buccaneers,NFL,123
tommie agee,RB,nonwhite,1991,dallas_cowboys,NFL,124
luke lawton,RB,white,2008,oakland_raiders,NFL,125
jason snelling,RB,nonwhite,2012,atlanta_falcons,NFL,126
terron ward,RB,nonwhite,2016,atlanta_falcons,NFL,127
bobby rainey,RB,nonwhite,2016,new_york_giants,NFL,128
daryl johnston,RB,white,1996,dallas_cowboys,NFL,129
peyton barber,RB,nonwhite,2018,baltimore_ravens,NFL,130
amp lee,RB,nonwhite,1992,buffalo_bills,NFL,131
trenton cannon,RB,nonwhite,2018,atlanta_falcons,NFL,132
jason wright,RB,nonwhite,2009,arizona_cardinals,NFL,133
frank gore,RB,nonwhite,2018,kansas_city_chiefs,NFL,134
carwell gardner,RB,nonwhite,1992,buffalo_bills,NFL,135
blair thomas,RB,nonwhite,1993,los_angeles_raiders,NFL,136
warrick dunn,RB,nonwhite,2000,atlanta_falcons,NFL,137
dorsey levens,RB,nonwhite,1998,san_francisco_49ers,NFL,138
dj foster,RB,nonwhite,2016,arizona_cardinals,NFL,139
keith ford,RB,nonwhite,2018,buffalo_bills,NFL,140
brandon jacobs,RB,nonwhite,2010,new_york_giants,NFL,141
sammy morris,RB,nonwhite,2008,kansas_city_chiefs,NFL,142
eric ball,RB,nonwhite,1990,cincinnati_bengals,NFL,143
jerome felton,RB,nonwhite,2016,buffalo_bills,NFL,144
marlon mack,RB,nonwhite,2018,houston_texans,NFL,145
clinton portis,RB,nonwhite,2005,tampa_bay_buccaneers,NFL,146
ahman green,RB,nonwhite,2009,philadelphia_eagles,NFL,147
chris carson,RB,nonwhite,2018,seattle_seahawks,NFL,148
marc logan,RB,nonwhite,1992,buffalo_bills,NFL,149
rashard mendenhall,RB,nonwhite,2010,oakland_raiders,NFL,150
ricky williams,RB,nonwhite,2010,kansas_city_chiefs,NFL,151
leron mcclain,RB,nonwhite,2008,baltimore_ravens,NFL,152
delance turner,RB,nonwhite,2018,baltimore_ravens,NFL,153
tim hightower,RB,nonwhite,2016,arizona_cardinals,NFL,154
lynell hamilton,RB,nonwhite,2009,new_orleans_saints,NFL,155
adrian peterson,RB,nonwhite,2009,new_orleans_saints,NFL,156
garrison hearst,RB,nonwhite,1998,san_francisco_49ers,NFL,157
deangelo williams,RB,nonwhite,2016,carolina_panthers,NFL,158
mike rozier,RB,nonwhite,1990,atlanta_falcons,NFL,159
dalvin cook,RB,nonwhite,2018,minnesota_vikings,NFL,160
chris hetherington,RB,white,2001,carolina_panthers,NFL,161
leroy thompson,RB,nonwhite,1994,minnesota_vikings,NFL,162
dee brown,RB,nonwhite,2006,kansas_city_chiefs,NFL,163
darren sproles,RB,nonwhite,2016,philadelphia_eagles,NFL,164
derrick ward,RB,nonwhite,2011,houston_texans,NFL,165
ty montgomery,RB,nonwhite,2016,seattle_seahawks,NFL,166
larry johnson,RB,nonwhite,2006,kansas_city_chiefs,NFL,167
marcus murphy,RB,nonwhite,2018,carolina_panthers,NFL,168
dontrell hilliard,RB,nonwhite,2018,cleveland_browns,NFL,169
william floyd,RB,nonwhite,1997,denver_broncos,NFL,170
lamont jordan,RB,nonwhite,2008,oakland_raiders,NFL,171
terrelle smith,RB,nonwhite,2008,arizona_cardinals,NFL,172
todd mcnair,RB,nonwhite,1993,kansas_city_chiefs,NFL,173
kenneth davis,RB,nonwhite,1992,buffalo_bills,NFL,174
david johnson,RB,nonwhite,2016,arizona_cardinals,NFL,175
ladell betts,RB,nonwhite,2005,tampa_bay_buccaneers,NFL,176
johnny johnson,RB,white,1993,los_angeles_raiders,NFL,177
beanie wells,RB,nonwhite,2009,arizona_cardinals,NFL,178
dan kreider,RB,white,2005,cincinnati_bengals,NFL,179
jacquizz rodgers,RB,nonwhite,2012,atlanta_falcons,NFL,180
alvin kamara,RB,nonwhite,2018,los_angeles_rams,NFL,181
tony fiammetta,RB,white,2013,washington_redskins,NFL,182
jeremi johnson,RB,nonwhite,2003,cincinnati_bengals,NFL,183
steve smith,RB,nonwhite,1993,los_angeles_raiders,NFL,184
tom rathman,RB,white,1992,buffalo_bills,NFL,185
joseph addai,RB,nonwhite,2006,indianapolis_colts,NFL,186
jerome harrison,RB,nonwhite,2010,cleveland_browns,NFL,187
eric metcalf,RB,nonwhite,2002,atlanta_falcons,NFL,188
phillip lindsay,RB,nonwhite,2018,denver_broncos,NFL,189
correll buckhalter,RB,nonwhite,2001,st_louis_rams,NFL,190
fred jackson,RB,nonwhite,2010,buffalo_bills,NFL,191
tony paige,RB,nonwhite,1991,detroit_lions,NFL,192
ezekiel elliott,RB,nonwhite,2018,seattle_seahawks,NFL,193
mike goodson,RB,nonwhite,2010,carolina_panthers,NFL,194
mark higgs,RB,nonwhite,1991,detroit_lions,NFL,195
ben tate,RB,nonwhite,2014,cleveland_browns,NFL,196
james white,RB,nonwhite,2016,new_york_jets,NFL,197
bobby humphrey,RB,nonwhite,1992,buffalo_bills,NFL,198
eddie lacy,RB,nonwhite,2014,seattle_seahawks,NFL,199
stevan ridley,RB,nonwhite,2013,baltimore_ravens,NFL,200
naufahu tahi,RB,nonwhite,2009,new_orleans_saints,NFL,201
rob kelley,RB,nonwhite,2016,washington_redskins,NFL,202
james brooks,RB,nonwhite,1990,cincinnati_bengals,NFL,203
jerick mckinnon,RB,nonwhite,2016,minnesota_vikings,NFL,204
marc edwards,RB,white,2001,new_york_jets,NFL,205
willie parker,RB,nonwhite,2005,pittsburgh_steelers,NFL,206
maurice morris,RB,nonwhite,2005,seattle_seahawks,NFL,207
moran norris,RB,nonwhite,2006,kansas_city_chiefs,NFL,208
stanford jennings,RB,nonwhite,1990,cincinnati_bengals,NFL,209
steve slaton,RB,nonwhite,2010,houston_texans,NFL,210
ladainian tomlinson,RB,nonwhite,2005,denver_broncos,NFL,211
bernard scott,RB,nonwhite,2010,cincinnati_bengals,NFL,212
reggie bonnafon,RB,nonwhite,2018,pittsburgh_steelers,NFL,213
demarco murray,RB,nonwhite,2014,tennessee_titans,NFL,214
quinn johnson,RB,nonwhite,2009,green_bay_packers,NFL,215
benny cunningham,RB,nonwhite,2018,kansas_city_chiefs,NFL,216
robert martin,RB,nonwhite,2018,cleveland_browns,NFL,217
edgerrin james,RB,nonwhite,2006,arizona_cardinals,NFL,218
rashad jennings,RB,nonwhite,2016,oakland_raiders,NFL,219
giovani bernard,RB,nonwhite,2015,cincinnati_bengals,NFL,220
brian hill,RB,nonwhite,2018,atlanta_falcons,NFL,221
carey davis,RB,nonwhite,2007,jacksonville_jaguars,NFL,222
jeremy hill,RB,nonwhite,2016,cincinnati_bengals,NFL,223
justin forsett,RB,nonwhite,2016,baltimore_ravens,NFL,224
tony richardson,RB,nonwhite,2005,kansas_city_chiefs,NFL,225
rex burkhead,RB,white,2015,cincinnati_bengals,NFL,226
jonathan williams,RB,nonwhite,2018,los_angeles_rams,NFL,227
richie anderson,RB,nonwhite,2000,new_york_jets,NFL,228
corey mcintyre,RB,nonwhite,2011,buffalo_bills,NFL,229
felix jones,RB,nonwhite,2009,dallas_cowboys,NFL,230
tra carson,RB,nonwhite,2018,cincinnati_bengals,NFL,231
alfred morris,RB,nonwhite,2013,washington_redskins,NFL,232
tony fisher,RB,nonwhite,2002,atlanta_falcons,NFL,233
michael bennett,RB,nonwhite,2002,minnesota_vikings,NFL,234
andre brown,RB,nonwhite,2013,dallas_cowboys,NFL,235
lance dunbar,RB,nonwhite,2013,detroit_lions,NFL,236
edgar bennett,RB,nonwhite,1995,cleveland_browns,NFL,237
derek watt,RB,white,2018,tennessee_titans,NFL,238
justin fargas,RB,white,2006,kansas_city_chiefs,NFL,239
leon johnson,RB,nonwhite,1997,detroit_lions,NFL,240
maurice jonesdrew,RB,nonwhite,2007,jacksonville_jaguars,NFL,241
keith henderson,RB,nonwhite,1992,buffalo_bills,NFL,242
stefan logan,RB,nonwhite,2010,detroit_lions,NFL,243
lamar miller,RB,nonwhite,2018,houston_texans,NFL,244
donnel pumphrey,RB,nonwhite,2018,new_york_jets,NFL,245
darian barnes,RB,nonwhite,2003,oakland_raiders,NFL,246
mewelde moore,RB,nonwhite,2009,arizona_cardinals,NFL,247
duce staley,RB,nonwhite,2001,st_louis_rams,NFL,248
james saxon,RB,nonwhite,1994,new_york_jets,NFL,249
marcel reece,WR,nonwhite,2016,oakland_raiders,NFL,250
rishard matthews,WR,nonwhite,2015,tennessee_titans,NFL,251
dede westbrook,WR,nonwhite,2018,jacksonville_jaguars,NFL,252
trent taylor,WR,white,2018,dallas_cowboys,NFL,253
cedrick wilson,WR,nonwhite,2005,pittsburgh_steelers,NFL,254
ardarius stewart,WR,nonwhite,2018,washington_redskins,NFL,255
james mcknight,WR,nonwhite,2000,dallas_cowboys,NFL,256
chris calloway,WR,nonwhite,1993,dallas_cowboys,NFL,257
robby anderson,WR,nonwhite,2016,new_york_jets,NFL,258
patrick jeffers,WR,white,1998,dallas_cowboys,NFL,259
brett perriman,WR,nonwhite,1991,dallas_cowboys,NFL,260
ed mccaffrey,WR,white,1996,jacksonville_jaguars,NFL,261
rod smith,WR,nonwhite,2006,kansas_city_chiefs,NFL,262
michael thomas,WR,nonwhite,2016,atlanta_falcons,NFL,263
sterling shepard,WR,nonwhite,2016,new_york_giants,NFL,264
ted ginn jr,WR,nonwhite,2016,carolina_panthers,NFL,265
charles johnson,WR,nonwhite,1994,minnesota_vikings,NFL,266
justin hardy,WR,nonwhite,2016,atlanta_falcons,NFL,267
teddy williams,WR,nonwhite,2016,carolina_panthers,NFL,268
chaz schilens,WR,nonwhite,2012,st_louis_rams,NFL,269
geremy davis,WR,nonwhite,2016,oakland_raiders,NFL,270
alonzo russell,WR,nonwhite,2018,new_york_giants,NFL,271
cordarrelle patterson,WR,nonwhite,2016,minnesota_vikings,NFL,272
courtland sutton,WR,nonwhite,2018,denver_broncos,NFL,273
deante burton,WR,nonwhite,2018,atlanta_falcons,NFL,274
marvin hall,WR,nonwhite,2018,atlanta_falcons,NFL,275
chad johnson,WR,nonwhite,2005,cincinnati_bengals,NFL,276
chris hogan,WR,white,2016,pittsburgh_steelers,NFL,277
jeremy kerley,WR,nonwhite,2016,new_york_jets,NFL,278
bobby engram,WR,nonwhite,2004,seattle_seahawks,NFL,279
ernie mills,WR,nonwhite,1994,pittsburgh_steelers,NFL,280
wes welker,WR,white,2010,buffalo_bills,NFL,281
chad williams,WR,nonwhite,2018,arizona_cardinals,NFL,282
niles paul,WR,nonwhite,2018,jacksonville_jaguars,NFL,283
don beebe,WR,white,1992,buffalo_bills,NFL,284
tony martin,WR,nonwhite,1998,atlanta_falcons,NFL,285
tim dwight,WR,white,1998,san_diego_chargers,NFL,286
charles jordan,WR,nonwhite,1997,miami_dolphins,NFL,287
roy williams,WR,nonwhite,2010,houston_texans,NFL,288
josh gordon,WR,nonwhite,2013,cleveland_browns,NFL,289
josh malone,WR,nonwhite,2018,cincinnati_bengals,NFL,290
willie green,WR,nonwhite,1991,dallas_cowboys,NFL,291
david moore,WR,nonwhite,2018,seattle_seahawks,NFL,292
vyncint smith,WR,nonwhite,2018,los_angeles_rams,NFL,293
johnnie morton,WR,nonwhite,2003,detroit_lions,NFL,294
robert brooks,WR,nonwhite,1998,san_francisco_49ers,NFL,295
dan arnold,WR,white,2018,los_angeles_rams,NFL,296
willie gault,WR,nonwhite,1990,los_angeles_raiders,NFL,297
chester rogers,WR,nonwhite,2018,indianapolis_colts,NFL,298
auden tate,WR,nonwhite,2018,cincinnati_bengals,NFL,299
derek hagan,WR,nonwhite,2010,philadelphia_eagles,NFL,300
troy brown,WR,nonwhite,2001,buffalo_bills,NFL,301
laveranues coles,WR,nonwhite,2000,new_york_jets,NFL,302
patrick crayton,WR,nonwhite,2008,seattle_seahawks,NFL,303
alvin harper,WR,nonwhite,1994,dallas_cowboys,NFL,304
sidney rice,WR,nonwhite,2009,dallas_cowboys,NFL,305
andre johnson,WR,nonwhite,2012,houston_texans,NFL,306
mark duper,WR,nonwhite,1991,buffalo_bills,NFL,307
devin ross,WR,nonwhite,2018,tennessee_titans,NFL,308
adam humphries,WR,white,2018,tampa_bay_buccaneers,NFL,309
andre roberts,WR,nonwhite,2018,detroit_lions,NFL,310
marcell ateman,WR,nonwhite,2018,kansas_city_chiefs,NFL,311
marques colston,WR,nonwhite,2006,new_orleans_saints,NFL,312
brian clark,WR,nonwhite,2006,denver_broncos,NFL,313
jake allen,WR,nonwhite,2009,green_bay_packers,NFL,314
tyrell williams,WR,nonwhite,2016,los_angeles_rams,NFL,315
trent sherfield,WR,nonwhite,2018,denver_broncos,NFL,316
jonathan holland,WR,nonwhite,2008,kansas_city_chiefs,NFL,317
lee evans,WR,nonwhite,2010,cincinnati_bengals,NFL,318
ryan grant,WR,nonwhite,2016,washington_redskins,NFL,319
anthony morgan,WR,nonwhite,1991,buffalo_bills,NFL,320
randall cobb,WR,nonwhite,2014,seattle_seahawks,NFL,321
janarion grant,WR,nonwhite,2018,baltimore_ravens,NFL,322
lance moore,WR,white,2011,new_orleans_saints,NFL,323
bradley marquez,WR,nonwhite,2016,los_angeles_rams,NFL,324
haywood jeffires,WR,nonwhite,1992,buffalo_bills,NFL,325
terrell owens,WR,nonwhite,2010,cincinnati_bengals,NFL,326
jerry rice,WR,nonwhite,1998,atlanta_falcons,NFL,327
kenny britt,WR,nonwhite,2016,los_angeles_rams,NFL,328
mario manningham,WR,nonwhite,2010,philadelphia_eagles,NFL,329
mark bradley,WR,nonwhite,2008,kansas_city_chiefs,NFL,330
andy jones,WR,nonwhite,2018,detroit_lions,NFL,331
brandon lafell,WR,nonwhite,2015,cincinnati_bengals,NFL,332
trey griffey,WR,nonwhite,2018,pittsburgh_steelers,NFL,333
willie jackson,WR,nonwhite,1996,jacksonville_jaguars,NFL,334
willie anderson,WR,nonwhite,1990,los_angeles_rams,NFL,335
robert woods,WR,nonwhite,2018,los_angeles_rams,NFL,336
brian finneran,WR,white,2002,atlanta_falcons,NFL,337
troy walters,WR,nonwhite,2006,arizona_cardinals,NFL,338
anthony miller,WR,nonwhite,2018,kansas_city_chiefs,NFL,339
andre reed,WR,nonwhite,1992,buffalo_bills,NFL,340
cam sims,WR,nonwhite,2018,washington_redskins,NFL,341
hines ward,WR,nonwhite,2008,jacksonville_jaguars,NFL,342
justin watson,WR,white,2018,tampa_bay_buccaneers,NFL,343
arnaz battle,WR,nonwhite,2008,new_england_patriots,NFL,344
chris sanders,WR,nonwhite,1999,houston_oilers,NFL,345
michael floyd,WR,nonwhite,2016,arizona_cardinals,NFL,346
rashard higgins,WR,nonwhite,2018,cleveland_browns,NFL,347
isaac byrd,WR,nonwhite,1999,buffalo_bills,NFL,348
louis murphy,WR,nonwhite,2010,oakland_raiders,NFL,349
courtney roby,WR,nonwhite,2009,new_orleans_saints,NFL,350
josh morgan,WR,nonwhite,2013,washington_redskins,NFL,351
jeff graham,WR,white,2001,san_diego_chargers,NFL,352
shelton gibson,WR,nonwhite,2018,pittsburgh_steelers,NFL,353
mike thomas,WR,nonwhite,2010,los_angeles_rams,NFL,354
herman moore,WR,nonwhite,1997,detroit_lions,NFL,355
dante hall,WR,nonwhite,2006,kansas_city_chiefs,NFL,356
quincy morgan,WR,nonwhite,2005,cincinnati_bengals,NFL,357
aldrick robinson,WR,nonwhite,2018,minnesota_vikings,NFL,358
brandon jones,WR,nonwhite,2008,tennessee_titans,NFL,359
eric moulds,WR,nonwhite,2001,buffalo_bills,NFL,360
tavarres king,WR,nonwhite,2016,new_york_giants,NFL,361
santonio holmes,WR,nonwhite,2007,baltimore_ravens,NFL,362
limas sweed,WR,nonwhite,2008,baltimore_ravens,NFL,363
andre patton,WR,nonwhite,2018,los_angeles_chargers,NFL,364
tim mcgee,WR,nonwhite,1990,cincinnati_bengals,NFL,365
deonte thompson,WR,nonwhite,2016,minnesota_vikings,NFL,366
mike wallace,WR,nonwhite,2016,baltimore_ravens,NFL,367
aj green,WR,nonwhite,2011,cincinnati_bengals,NFL,368
andre rison,WR,nonwhite,1990,atlanta_falcons,NFL,369
justin hunter,WR,nonwhite,2018,tennessee_titans,NFL,370
bruce ellington,WR,nonwhite,2018,houston_texans,NFL,371
joey galloway,WR,nonwhite,2006,new_orleans_saints,NFL,372
dontrelle inman,WR,nonwhite,2016,san_diego_chargers,NFL,373
caleb scott,WR,white,2018,seattle_seahawks,NFL,374
daurice fountain,WR,nonwhite,2018,cincinnati_bengals,NFL,375
michael jenkins,WR,nonwhite,2006,atlanta_falcons,NFL,376
jerricho cotchery,WR,nonwhite,2013,new_york_jets,NFL,377
antonio freeman,WR,nonwhite,1998,san_francisco_49ers,NFL,378
eric decker,WR,white,2015,new_york_jets,NFL,379
devin funchess,WR,nonwhite,2016,carolina_panthers,NFL,380
antonio brown,WR,nonwhite,2016,pittsburgh_steelers,NFL,381
alexander wright,WR,nonwhite,1993,los_angeles_raiders,NFL,382
terrance copper,WR,nonwhite,2006,pittsburgh_steelers,NFL,383
darrell jackson,WR,nonwhite,2005,seattle_seahawks,NFL,384
john ross,WR,nonwhite,2018,cincinnati_bengals,NFL,385
todd watkins,WR,nonwhite,2008,kansas_city_chiefs,NFL,386
deion branch,WR,nonwhite,2010,seattle_seahawks,NFL,387
david patten,WR,nonwhite,2001,oakland_raiders,NFL,388
greg camarillo,WR,white,2010,minnesota_vikings,NFL,389
torry holt,WR,nonwhite,2002,st_louis_rams,NFL,390
wallace wright,WR,nonwhite,2009,new_york_jets,NFL,391
percy harvin,WR,nonwhite,2009,new_orleans_saints,NFL,392
eric weems,WR,nonwhite,2016,atlanta_falcons,NFL,393
martavis bryant,WR,nonwhite,2014,oakland_raiders,NFL,394
tanner gentry,WR,white,2018,buffalo_bills,NFL,395
doug baldwin,WR,nonwhite,2016,seattle_seahawks,NFL,396
trevor davis,WR,nonwhite,2016,atlanta_falcons,NFL,397
steve tasker,WR,white,1990,buffalo_bills,NFL,398
steve smith,WR,nonwhite,2005,carolina_panthers,NFL,399
eric moore,DEF,nonwhite,2006,new_orleans_saints,NFL,400
michael thomas,DEF,nonwhite,2018,new_york_giants,NFL,401
fred smerlas,DEF,white,1990,atlanta_falcons,NFL,402
troy nolan,DEF,nonwhite,2010,houston_texans,NFL,403
nick collins,DEF,nonwhite,2009,arizona_cardinals,NFL,404
justin smith,DEF,white,2012,cincinnati_bengals,NFL,405
adrian colbert,DEF,nonwhite,2018,indianapolis_colts,NFL,406
jimmy wilkerson,DEF,nonwhite,2005,kansas_city_chiefs,NFL,407
keith smith,DEF,nonwhite,2018,denver_broncos,NFL,408
jarrad davis,DEF,nonwhite,2018,arizona_cardinals,NFL,409
sharif finch,DEF,nonwhite,2018,tennessee_titans,NFL,410
matt roth,DEF,white,2010,cleveland_browns,NFL,411
corey miller,DEF,nonwhite,1993,dallas_cowboys,NFL,412
darrell reid,DEF,nonwhite,2006,jacksonville_jaguars,NFL,413
derrick hoskins,DEF,nonwhite,1993,los_angeles_raiders,NFL,414
chris harris,DEF,nonwhite,2016,denver_broncos,NFL,415
dj hayden,DEF,nonwhite,2016,denver_broncos,NFL,416
tyler matakevich,DEF,white,2016,pittsburgh_steelers,NFL,417
michael dean perry,DEF,nonwhite,1996,jacksonville_jaguars,NFL,418
ty warren,DEF,nonwhite,2006,indianapolis_colts,NFL,419
donte deayon,DEF,nonwhite,2018,los_angeles_rams,NFL,420
curome cox,DEF,nonwhite,2006,kansas_city_chiefs,NFL,421
randy kirk,DEF,white,1998,indianapolis_colts,NFL,422
jamal carter,DEF,nonwhite,2018,denver_broncos,NFL,423
carlton bailey,DEF,nonwhite,1991,buffalo_bills,NFL,424
jerry hughes,DEF,nonwhite,2016,buffalo_bills,NFL,425
denzel perryman,DEF,nonwhite,2016,oakland_raiders,NFL,426
chris green,DEF,nonwhite,1992,buffalo_bills,NFL,427
michael huff,DEF,nonwhite,2012,oakland_raiders,NFL,428
eric thomas,DEF,nonwhite,1993,los_angeles_raiders,NFL,429
kareem jackson,DEF,nonwhite,2018,houston_texans,NFL,430
cornelius bennett,DEF,nonwhite,1991,buffalo_bills,NFL,431
brandon johnson,DEF,nonwhite,2010,cincinnati_bengals,NFL,432
steve jackson,DEF,nonwhite,1993,kansas_city_chiefs,NFL,433
lerentee mccray,DEF,nonwhite,2018,jacksonville_jaguars,NFL,434
trevor bates,DEF,nonwhite,2018,detroit_lions,NFL,435
tracy white,DEF,nonwhite,2004,seattle_seahawks,NFL,436
victor green,DEF,nonwhite,2001,new_york_jets,NFL,437
jevon kearse,DEF,nonwhite,1999,buffalo_bills,NFL,438
ronnie lott,DEF,nonwhite,1990,new_york_jets,NFL,439
shawn lee,DEF,white,1991,detroit_lions,NFL,440
john henderson,DEF,nonwhite,2007,jacksonville_jaguars,NFL,441
sione pouha,DEF,nonwhite,2008,new_york_jets,NFL,442
howie long,DEF,white,1993,los_angeles_raiders,NFL,443
lonnie young,DEF,nonwhite,1993,los_angeles_raiders,NFL,444
sam hubbard,DEF,white,2018,cincinnati_bengals,NFL,445
myron pryor,DEF,nonwhite,2009,indianapolis_colts,NFL,446
rodney mcleod,DEF,nonwhite,2016,philadelphia_eagles,NFL,447
josh bullocks,DEF,nonwhite,2006,atlanta_falcons,NFL,448
tyrone crawford,DEF,nonwhite,2018,dallas_cowboys,NFL,449
brent grimes,DEF,nonwhite,2018,miami_dolphins,NFL,450
jermaine phillips,DEF,nonwhite,2006,new_orleans_saints,NFL,451
karl joseph,DEF,nonwhite,2016,baltimore_ravens,NFL,452
kendall langford,DEF,nonwhite,2013,new_york_jets,NFL,453
denzel ward,DEF,nonwhite,2018,cincinnati_bengals,NFL,454
roman phifer,DEF,nonwhite,2001,new_york_jets,NFL,455
kyle queiro,DEF,nonwhite,2018,houston_texans,NFL,456
william perry,DEF,nonwhite,1991,buffalo_bills,NFL,457
dylan cole,DEF,white,2018,houston_texans,NFL,458
ndamukong suh,DEF,nonwhite,2013,detroit_lions,NFL,459
deandre levy,DEF,nonwhite,2013,detroit_lions,NFL,460
jacques cesaire,DEF,nonwhite,2006,denver_broncos,NFL,461
ashton youboty,DEF,nonwhite,2008,buffalo_bills,NFL,462
kentavius street,DEF,nonwhite,2018,san_francisco_49ers,NFL,463
nicholas grigsby,DEF,nonwhite,2018,new_york_giants,NFL,464
tj watt,DEF,white,2018,pittsburgh_steelers,NFL,465
dexter jackson,DEF,nonwhite,2005,tampa_bay_buccaneers,NFL,466
drayton florence,DEF,nonwhite,2010,cincinnati_bengals,NFL,467
jairus byrd,DEF,nonwhite,2016,buffalo_bills,NFL,468
phil hansen,DEF,white,1992,buffalo_bills,NFL,469
mike lodish,DEF,white,1996,jacksonville_jaguars,NFL,470
edgar jones,DEF,nonwhite,2008,baltimore_ravens,NFL,471
bennie thompson,DEF,nonwhite,1993,kansas_city_chiefs,NFL,472
derrick johnson,DEF,nonwhite,2016,kansas_city_chiefs,NFL,473
lorenzo doss,DEF,nonwhite,2018,pittsburgh_steelers,NFL,474
terrance shaw,DEF,nonwhite,2001,oakland_raiders,NFL,475
brodney pool,DEF,nonwhite,2010,new_york_jets,NFL,476
frank herron,DEF,nonwhite,2018,minnesota_vikings,NFL,477
jamie sharper,DEF,nonwhite,2001,baltimore_ravens,NFL,478
alex molden,DEF,nonwhite,2001,san_diego_chargers,NFL,479
mickey washington,DEF,nonwhite,1996,jacksonville_jaguars,NFL,480
marvin mitchell,DEF,nonwhite,2007,carolina_panthers,NFL,481
jj wilcox,DEF,nonwhite,2018,atlanta_falcons,NFL,482
michael mcgruder,DEF,nonwhite,1991,detroit_lions,NFL,483
nick dzubnar,DEF,white,2018,arizona_cardinals,NFL,484
julius peppers,DEF,nonwhite,2014,seattle_seahawks,NFL,485
robert nkemdiche,DEF,nonwhite,2016,arizona_cardinals,NFL,486
danny clark,DEF,nonwhite,2006,new_orleans_saints,NFL,487
victor butler,DEF,nonwhite,2010,cleveland_browns,NFL,488
kevin byard,DEF,nonwhite,2018,tennessee_titans,NFL,489
raymond davison,DEF,nonwhite,2018,houston_texans,NFL,490
will blackmon,DEF,nonwhite,2010,washington_redskins,NFL,491
keiwan ratliff,DEF,nonwhite,2005,cincinnati_bengals,NFL,492
anthony hitchens,DEF,nonwhite,2018,kansas_city_chiefs,NFL,493
rick lyle,DEF,white,2001,new_york_jets,NFL,494
samari rolle,DEF,nonwhite,1999,buffalo_bills,NFL,495
dion jordan,DEF,nonwhite,2018,seattle_seahawks,NFL,496
dave tollefson,DEF,white,2010,new_york_giants,NFL,497
gerald dixon,DEF,nonwhite,1995,cleveland_browns,NFL,498
sam barrington,DEF,nonwhite,2014,seattle_seahawks,NFL,499
